Workbook

Sheet #PIOs,#FFs
B2: スキャンチェーン設計のための外部入出力数，フリップフロップ数調査 ＠ITC99ベンチマーク回路
C6: CUT | D6: #PIs | E6: #POs | F6: #FFs | G6: #Totals | N6: CUT | O6: #PIs | P6: #POs | Q6: #FFs | R6: #SCs | S6: SL | T6: SL
C7: b01 | D7: 2 | E7: 2 | F7: 5 | G7: =SUM(D7:F7) -> 9 | N7: b01 | O7: 2 | P7: 2 | Q7: 5 | R7: 4 | S7: 2 | T7: 2
C8: b02 | D8: 1 | E8: 1 | F8: 4 | G8: =SUM(D8:F8) -> 6 | N8: b02 | O8: 1 | P8: 1 | Q8: 4 | R8: 4 | S8: 2 | T8: 2
C9: b03 | D9: 4 | E9: 4 | F9: 30 | G9: =SUM(D9:F9) -> 38 | N9: b05 | O9: 1 | P9: 26 | Q9: 34 | R9: 4 | S9: 9 | T9: 9
C10: b04 | G10: =SUM(D10:F10) -> 0 | N10: b05 | O10: 1 | P10: 26 | Q10: 34 | R10: =SUM(O10:Q10) -> 61
C11: b05 | D11: 1 | E11: 26 | F11: 34 | G11: =SUM(D11:F11) -> 61
C12: b06 | G12: =SUM(D12:F12) -> 0
C13: b07 | G13: =SUM(D13:F13) -> 0
C14: b08 | G14: =SUM(D14:F14) -> 0 | N14: CUT | O14: #TPs | P14: #RPRs | Q14: Conventional[11] | T14: Proposed
C15: b09 | G15: =SUM(D15:F15) -> 0 | Q15: #Seeds | R15: #DFs | S15: CPU[s] | T15: #Seeds | U15: #DFs | V15: CPU[s]
C16: b10 | G16: =SUM(D16:F16) -> 0 | N16: b01 | O16: 10 | P16: 11 | Q16: 4 | R16: 7 | S16: 0.13 | T16: 4 | U16: 7 | V16: 0.15
C17: b11 | G17: =SUM(D17:F17) -> 0 | N17: b02 | O17: 10 | P17: 6 | Q17: 4 | R17: 6 | S17: 0.02 | T17: 2 | U17: 6 | V17: 0.1
C18: b12 | G18: =SUM(D18:F18) -> 0 | N18: b05 | O18: 10000 | P18: 102 | Q18: 5 | R18: 5 | S18: 5.02 | T18: 2 | U18: 5 | V18: 30.59
C19: b13 | G19: =SUM(D19:F19) -> 0
C20: b14 | G20: =SUM(D20:F20) -> 0
C21: b15 | G21: =SUM(D21:F21) -> 0
C22: b16 | G22: =SUM(D22:F22) -> 0
C23: b17 | G23: =SUM(D23:F23) -> 0
C24: b18 | G24: =SUM(D24:F24) -> 0 | I24: CUT | J24: ベンチマーク回路
C25: b19 | G25: =SUM(D25:F25) -> 0 | I25: #PIs | J25: 外部入力数
C26: b20 | D26: 32 | E26: 22 | F26: 490 | G26: =SUM(D26:F26) -> 544 | I26: #POs | J26: 外部出力数
C27: b21 | D27: 32 | E27: 22 | F27: 490 | G27: =SUM(D27:F27) -> 544 | I27: #FFs | J27: フリップフロップ数
C28: b22 | D28: 32 | E28: 22 | F28: 735 | G28: =SUM(D28:F28) -> 789 | I28: #Totals | J28: #PIs，#POsおよびFFsの合計suu

Sheet #SCs,#SLens
B2: スキャンチェーン設計のための スキャンチェーン数，スキャン長調査 ＠ITC99ベンチマーク回路
C6: CUT | D6: #Totals | E6: #SCs | F6: Slen. | G6: Slen.(without POs) | I6: CUT | J6: ベンチマーク回路
C7: b01 | D7: ='#PIOs,#FFs'!G7 -> 9 | I7: #Totals | J7: #PIs，#POsおよびFFsの合計suu
I8: #SCs | J8: スキャンチェーン数
I9: Slen. | J9: 最大スキャン長
I10: Slen.(without POs) | J10: 最大スキャン長（外部出力含まない場合）
C11: b02 | D11: ='#PIOs,#FFs'!G8 -> 6
C15: b03 | D15: ='#PIOs,#FFs'!G9 -> 38
C19: b04 | D19: ='#PIOs,#FFs'!G10 -> 0
C23: b05 | D23: ='#PIOs,#FFs'!G11 -> 61
C27: b06 | D27: ='#PIOs,#FFs'!G12 -> 0
C31: b07 | D31: ='#PIOs,#FFs'!G13 -> 0
C35: b08 | D35: ='#PIOs,#FFs'!G14 -> 0
C39: b09 | D39: ='#PIOs,#FFs'!G15 -> 0
C43: b10 | D43: ='#PIOs,#FFs'!G16 -> 0
C47: b11 | D47: ='#PIOs,#FFs'!G17 -> 0
C51: b12 | D51: ='#PIOs,#FFs'!G18 -> 0
C55: b13 | D55: ='#PIOs,#FFs'!G19 -> 0
C59: b14 | D59: ='#PIOs,#FFs'!G20 -> 0
C63: b15 | D63: ='#PIOs,#FFs'!G21 -> 0
C67: b16 | D67: ='#PIOs,#FFs'!G22 -> 0
C71: b17 | D71: ='#PIOs,#FFs'!G23 -> 0
C75: b18 | D75: ='#PIOs,#FFs'!G24 -> 0
C79: b19 | D79: ='#PIOs,#FFs'!G25 -> 0
C83: b20 | D83: ='#PIOs,#FFs'!G26 -> 544 | E83: 5 | G83: 105
C87: b21 | D87: ='#PIOs,#FFs'!G27 -> 544
C91: b22 | D91: ='#PIOs,#FFs'!G28 -> 789
